Id,Expected
test_0,0
test_1,0
test_2,0
test_3,0
test_4,0
test_5,0
test_6,1
test_7,1
test_8,0
test_9,0
test_10,0
test_11,0
test_12,0
test_13,1
test_14,0
test_15,1
test_16,0
test_17,0
test_18,0
test_19,1
test_20,1
test_21,1
test_22,0
test_23,0
test_24,0
test_25,0
test_26,1
test_27,0
test_28,1
test_29,1
test_30,0
test_31,0
test_32,0
test_33,0
test_34,0
test_35,0
test_36,0
test_37,0
test_38,0
test_39,0
test_40,0
test_41,0
test_42,0
test_43,0
test_44,0
test_45,0
test_46,0
test_47,0
test_48,0
test_49,0
test_50,1
test_51,0
test_52,0
test_53,0
test_54,0
test_55,0
test_56,0
test_57,1
test_58,0
test_59,1
test_60,0
test_61,0
test_62,0
test_63,0
test_64,1
test_65,0
test_66,0
test_67,0
test_68,0
test_69,1
test_70,1
test_71,0
test_72,0
test_73,0
test_74,1
test_75,1
test_76,0
test_77,0
test_78,0
test_79,0
test_80,0
test_81,1
test_82,1
test_83,0
test_84,0
test_85,0
test_86,0
test_87,0
test_88,0
test_89,0
test_90,0
test_91,0
test_92,0
test_93,0
test_94,0
test_95,0
test_96,1
test_97,0
test_98,0
test_99,1
test_100,0
test_101,0
test_102,1
test_103,1
test_104,0
test_105,0
test_106,0
test_107,0
test_108,0
test_109,0
test_110,0
test_111,0
test_112,1
test_113,0
test_114,0
test_115,0
test_116,0
test_117,0
test_118,0
test_119,0
test_120,0
test_121,0
test_122,0
test_123,0
test_124,0
test_125,0
test_126,0
test_127,0
test_128,1
test_129,0
test_130,0
test_131,0
test_132,0
test_133,1
test_134,0
test_135,0
test_136,0
test_137,0
test_138,0
test_139,0
test_140,0
test_141,1
test_142,1
test_143,0
test_144,0
test_145,1
test_146,1
test_147,0
test_148,0
test_149,0
test_150,0
test_151,1
test_152,1
test_153,0
test_154,0
test_155,0
test_156,0
test_157,0
test_158,0
test_159,0
test_160,0
test_161,0
test_162,1
test_163,0
test_164,0
test_165,0
test_166,0
test_167,1
test_168,0
test_169,0
test_170,0
test_171,0
test_172,0
test_173,0
test_174,0
test_175,0
test_176,0
test_177,0
test_178,0
test_179,0
test_180,1
test_181,0
test_182,0
test_183,0
test_184,1
test_185,0
test_186,1
test_187,0
test_188,1
test_189,0
test_190,0
test_191,0
test_192,0
test_193,0
test_194,0
test_195,0
test_196,0
test_197,0
test_198,0
test_199,0
test_200,0
test_201,0
test_202,1
test_203,0
test_204,0
test_205,0
test_206,1
test_207,0
test_208,0
test_209,0
test_210,1
test_211,1
test_212,0
test_213,0
test_214,0
test_215,0
test_216,1
test_217,0
test_218,0
test_219,0
test_220,1
test_221,0
test_222,1
test_223,0
test_224,1
test_225,0
test_226,0
test_227,1
test_228,0
test_229,0
test_230,0
test_231,0
test_232,1
test_233,1
test_234,1
test_235,0
test_236,0
test_237,1
test_238,1
test_239,1
test_240,1
test_241,0
test_242,0
test_243,1
test_244,0
test_245,0
test_246,1
test_247,0
test_248,1
test_249,0
test_250,0
test_251,1
test_252,1
test_253,1
test_254,1
test_255,0
test_256,0
test_257,0
test_258,0
test_259,0
test_260,0
test_261,1
test_262,1
test_263,1
test_264,0
test_265,0
test_266,1
test_267,1
test_268,1
test_269,0
test_270,1
test_271,1
test_272,0
test_273,0
test_274,0
test_275,0
test_276,0
test_277,1
test_278,0
test_279,0
test_280,1
test_281,1
test_282,1
test_283,0
test_284,1
test_285,0
test_286,0
test_287,0
test_288,1
test_289,0
test_290,1
test_291,0
test_292,0
test_293,0
test_294,0
test_295,0
test_296,0
test_297,0
test_298,0
test_299,0
test_300,0
test_301,0
test_302,0
test_303,0
test_304,1
test_305,0
test_306,0
test_307,1
test_308,0
test_309,1
test_310,0
test_311,0
test_312,1
test_313,0
test_314,0
test_315,0
test_316,1
test_317,0
test_318,1
test_319,0
test_320,0
test_321,0
test_322,0
test_323,0
test_324,0
test_325,1
test_326,0
test_327,0
test_328,0
test_329,0
test_330,0
test_331,1
test_332,0
test_333,0
test_334,0
test_335,0
test_336,1
test_337,0
test_338,0
test_339,0
test_340,0
test_341,1
test_342,0
test_343,0
test_344,0
test_345,0
test_346,1
test_347,1
test_348,1
test_349,0
test_350,1
test_351,1
test_352,0
test_353,0
test_354,0
test_355,0
test_356,0
test_357,0
test_358,1
test_359,0
test_360,1
test_361,1
test_362,0
test_363,0
test_364,0
test_365,0
test_366,0
test_367,0
test_368,0
test_369,1
test_370,0
test_371,1
test_372,0
test_373,1
test_374,1
test_375,1
test_376,0
test_377,1
test_378,0
test_379,0
test_380,1
test_381,0
test_382,0
test_383,1
test_384,1
test_385,0
test_386,0
test_387,1
test_388,1
test_389,0
test_390,1
test_391,1
test_392,0
test_393,1
test_394,1
test_395,1
test_396,0
test_397,0
test_398,0
test_399,1
test_400,1
test_401,0
test_402,0
test_403,1
test_404,0
test_405,1
test_406,0
test_407,1
test_408,1
test_409,1
test_410,0
test_411,0
test_412,0
test_413,0
test_414,0
test_415,1
test_416,0
test_417,0
test_418,1
test_419,1
test_420,0
test_421,1
test_422,0
test_423,1
test_424,0
test_425,0
test_426,0
test_427,0
test_428,1
test_429,0
test_430,0
test_431,1
test_432,0
test_433,0
test_434,0
test_435,0
test_436,1
test_437,1
test_438,1
test_439,1
test_440,0
test_441,0
test_442,0
test_443,0
test_444,1
test_445,0
test_446,0
test_447,0
test_448,0
test_449,1
test_450,0
test_451,1
test_452,1
test_453,0
test_454,1
test_455,1
test_456,1
test_457,0
test_458,1
test_459,0
test_460,0
test_461,0
test_462,1
test_463,1
test_464,0
test_465,1
test_466,0
test_467,0
test_468,1
test_469,0
test_470,0
test_471,0
test_472,0
test_473,0
test_474,0
test_475,0
test_476,1
test_477,0
test_478,0
test_479,0
test_480,1
test_481,1
test_482,0
test_483,0
test_484,0
test_485,1
test_486,0
test_487,0
test_488,0
test_489,0
test_490,0
test_491,0
test_492,1
test_493,1
test_494,1
test_495,0
test_496,1
test_497,0
test_498,1
test_499,0
test_500,0
test_501,0
test_502,1
test_503,1
test_504,1
test_505,1
test_506,0
test_507,1
test_508,0
test_509,0
test_510,1
test_511,0
test_512,0
test_513,1
test_514,0
test_515,0
test_516,0
test_517,1
test_518,0
test_519,0
test_520,1
test_521,0
test_522,0
test_523,1
test_524,0
test_525,0
test_526,0
test_527,0
test_528,0
test_529,1
test_530,0
test_531,0
test_532,0
test_533,0
test_534,0
test_535,0
test_536,0
test_537,0
test_538,0
test_539,0
test_540,0
test_541,1
test_542,0
test_543,1
test_544,0
test_545,0
test_546,0
test_547,0
test_548,0
test_549,0
test_550,0
test_551,0
test_552,1
test_553,0
test_554,0
test_555,0
test_556,1
test_557,0
test_558,1
test_559,0
test_560,0
test_561,0
test_562,0
test_563,1
test_564,0
test_565,0
test_566,0
test_567,0
test_568,0
test_569,0
test_570,0
test_571,1
test_572,1
test_573,1
test_574,0
test_575,1
test_576,0
test_577,1
test_578,0
test_579,0
test_580,0
test_581,0
test_582,0
test_583,0
test_584,1
test_585,0
test_586,0
test_587,0
test_588,0
test_589,1
test_590,0
test_591,1
test_592,1
test_593,0
test_594,0
test_595,1
test_596,0
test_597,0
test_598,0
test_599,0
test_600,0
test_601,0
test_602,0
test_603,0
test_604,0
test_605,0
test_606,0
test_607,1
test_608,0
test_609,1
test_610,0
test_611,0
test_612,1
test_613,0
test_614,0
test_615,0
test_616,1
test_617,1
test_618,1
test_619,0
test_620,1
test_621,0
test_622,0
test_623,0
test_624,0
test_625,0
test_626,0
test_627,1
test_628,1
test_629,0
test_630,0
test_631,0
test_632,1
test_633,0
test_634,1
test_635,1
test_636,1
test_637,0
test_638,0
test_639,0
test_640,0
test_641,0
test_642,0
test_643,1
test_644,0
test_645,0
test_646,0
test_647,0
test_648,1
test_649,0
test_650,0
test_651,0
test_652,0
test_653,1
test_654,0
test_655,1
test_656,0
test_657,1
test_658,1
test_659,0
test_660,0
test_661,0
test_662,0
test_663,0
test_664,0
test_665,1
test_666,0
test_667,0
test_668,1
test_669,0
test_670,0
test_671,1
test_672,0
test_673,0
test_674,0
test_675,0
test_676,0
test_677,1
test_678,0
test_679,0
test_680,0
test_681,1
test_682,1
test_683,0
test_684,1
test_685,0
test_686,0
test_687,0
test_688,0
test_689,0
test_690,0
test_691,1
test_692,0
test_693,1
test_694,0
test_695,0
test_696,0
test_697,0
test_698,1
test_699,1
test_700,0
test_701,0
test_702,0
test_703,0
test_704,0
test_705,0
test_706,1
test_707,1
test_708,0
test_709,0
test_710,0
test_711,0
test_712,1
test_713,0
test_714,0
test_715,0
test_716,0
test_717,0
test_718,0
test_719,0
test_720,0
test_721,1
test_722,0
test_723,0
test_724,0
test_725,1
test_726,0
test_727,0
test_728,0
test_729,0
test_730,0
test_731,1
test_732,0
test_733,0
test_734,1
test_735,1
test_736,1
test_737,1
test_738,1
test_739,0
test_740,0
test_741,0
test_742,1
test_743,1
test_744,0
test_745,0
test_746,0
test_747,0
test_748,0
test_749,0
test_750,0
test_751,0
test_752,1
test_753,0
test_754,0
test_755,0
test_756,0
test_757,0
test_758,0
test_759,0
test_760,0
test_761,1
test_762,1
test_763,0
test_764,1
test_765,1
test_766,0
test_767,1
test_768,0
test_769,0
test_770,0
test_771,0
test_772,0
test_773,0
test_774,1
test_775,0
test_776,0
test_777,0
test_778,0
test_779,0
test_780,0
test_781,0
test_782,0
test_783,0
test_784,0
test_785,1
test_786,1
test_787,0
test_788,0
test_789,0
test_790,0
test_791,1
test_792,0
test_793,1
test_794,1
test_795,0
test_796,0
test_797,1
test_798,1
test_799,0
test_800,0
test_801,0
test_802,0
test_803,0
test_804,0
test_805,0
test_806,0
test_807,1
test_808,0
test_809,0
test_810,0
test_811,1
test_812,0
test_813,0
test_814,0
test_815,0
test_816,0
test_817,0
test_818,0
test_819,1
test_820,0
test_821,0
test_822,0
test_823,0
test_824,1
test_825,1
test_826,1
test_827,0
test_828,0
test_829,0
test_830,0
test_831,0
test_832,0
test_833,1
test_834,0
test_835,0
test_836,0
test_837,0
test_838,0
test_839,0
test_840,0
test_841,0
test_842,0
test_843,0
test_844,0
test_845,1
test_846,0
test_847,0
test_848,0
test_849,0
test_850,0
test_851,0
test_852,0
test_853,0
test_854,0
test_855,0
test_856,1
test_857,1
test_858,0
test_859,0
test_860,0
test_861,0
test_862,1
test_863,0
test_864,1
test_865,0
test_866,0
test_867,1
test_868,0
test_869,1
test_870,0
test_871,1
test_872,1
test_873,0
test_874,0
test_875,1
test_876,0
test_877,0
test_878,0
test_879,0
test_880,0
test_881,1
test_882,0
test_883,0
test_884,0
test_885,0
test_886,1
test_887,1
test_888,0
test_889,1
test_890,0
test_891,0
test_892,0
test_893,1
test_894,0
test_895,1
test_896,0
test_897,0
test_898,1
test_899,0
test_900,1
test_901,0
test_902,0
test_903,0
test_904,0
test_905,0
test_906,0
test_907,0
test_908,0
test_909,1
test_910,0
test_911,0
test_912,0
test_913,0
test_914,0
test_915,0
test_916,1
test_917,0
test_918,0
test_919,0
test_920,0
test_921,0
test_922,0
test_923,0
test_924,0
test_925,0
test_926,0
test_927,0
test_928,0
test_929,0
test_930,0
test_931,0
test_932,0
test_933,0
test_934,0
test_935,0
test_936,0
test_937,0
test_938,1
test_939,1
test_940,0
test_941,0
test_942,1
test_943,1
test_944,0
test_945,1
test_946,0
test_947,1
test_948,0
test_949,0
test_950,0
test_951,0
test_952,0
test_953,0
test_954,0
test_955,0
test_956,0
test_957,1
test_958,0
test_959,1
test_960,0
test_961,0
test_962,0
test_963,0
test_964,0
test_965,1
test_966,0
test_967,0
test_968,0
test_969,0
test_970,0
test_971,0
test_972,1
test_973,1
test_974,0
test_975,0
test_976,0
test_977,0
test_978,0
test_979,1
test_980,0
test_981,0
test_982,1
test_983,0
test_984,0
test_985,0
test_986,0
test_987,0
test_988,0
test_989,0
test_990,0
test_991,1
test_992,0
test_993,0
test_994,0
test_995,0
test_996,0
test_997,0
test_998,1
test_999,1
test_1000,0
test_1001,0
test_1002,1
test_1003,1
test_1004,1
test_1005,0
test_1006,1
test_1007,0
test_1008,0
test_1009,0
test_1010,0
test_1011,0
test_1012,0
test_1013,0
test_1014,0
test_1015,0
test_1016,0
test_1017,1
test_1018,0
test_1019,0
test_1020,0
test_1021,0
test_1022,0
test_1023,0
test_1024,0
test_1025,1
test_1026,0
test_1027,1
test_1028,0
test_1029,0
test_1030,1
test_1031,0
test_1032,0
test_1033,0
test_1034,1
test_1035,1
test_1036,0
test_1037,0
test_1038,0
test_1039,0
test_1040,1
test_1041,0
test_1042,1
test_1043,0
test_1044,0
test_1045,0
test_1046,1
test_1047,0
test_1048,0
test_1049,0
test_1050,0
test_1051,0
test_1052,0
test_1053,1
test_1054,0
test_1055,0
test_1056,0
test_1057,1
test_1058,0
test_1059,1
test_1060,0
test_1061,0
test_1062,0
test_1063,0
test_1064,0
test_1065,0
test_1066,0
test_1067,0
test_1068,0
test_1069,1
test_1070,0
test_1071,0
test_1072,0
test_1073,0
test_1074,1
test_1075,1
test_1076,0
test_1077,0
test_1078,1
test_1079,1
test_1080,1
test_1081,1
test_1082,0
test_1083,0
test_1084,0
test_1085,0
test_1086,0
test_1087,0
test_1088,0
test_1089,1
test_1090,0
test_1091,0
test_1092,0
test_1093,1
test_1094,1
test_1095,0
test_1096,0
test_1097,0
test_1098,0
test_1099,0
test_1100,0
test_1101,0
test_1102,0
test_1103,0
test_1104,1
test_1105,0
test_1106,0
test_1107,0
test_1108,0
test_1109,0
test_1110,0
test_1111,1
test_1112,0
test_1113,0
test_1114,0
test_1115,0
test_1116,1
test_1117,1
test_1118,1
test_1119,1
test_1120,0
test_1121,1
test_1122,1
test_1123,1
test_1124,0
test_1125,0
test_1126,0
test_1127,0
test_1128,0
test_1129,0
test_1130,0
test_1131,1
test_1132,1
test_1133,0
test_1134,1
test_1135,0
test_1136,0
test_1137,0
test_1138,1
test_1139,0
test_1140,0
test_1141,0
test_1142,0
test_1143,0
test_1144,0
test_1145,1
test_1146,0
test_1147,0
test_1148,0
test_1149,0
test_1150,0
test_1151,1
test_1152,0
test_1153,0
test_1154,0
test_1155,1
test_1156,0
test_1157,0
test_1158,0
test_1159,1
test_1160,0
test_1161,0
test_1162,0
test_1163,1
test_1164,0
test_1165,0
test_1166,0
test_1167,0
test_1168,0
test_1169,0
test_1170,0
test_1171,1
test_1172,0
test_1173,0
test_1174,0
test_1175,0
test_1176,0
test_1177,0
test_1178,0
test_1179,0
test_1180,0
test_1181,0
test_1182,0
test_1183,0
test_1184,0
test_1185,0
test_1186,0
test_1187,0
test_1188,1
test_1189,0
test_1190,0
test_1191,0
test_1192,0
test_1193,0
test_1194,0
test_1195,0
test_1196,0
test_1197,0
test_1198,0
test_1199,0
test_1200,0
test_1201,1
test_1202,0
test_1203,1
test_1204,0
test_1205,0
test_1206,0
test_1207,0
test_1208,0
test_1209,0
test_1210,0
test_1211,1
test_1212,1
test_1213,0
test_1214,0
test_1215,0
test_1216,0
test_1217,0
test_1218,1
test_1219,1
test_1220,0
test_1221,0
test_1222,0
test_1223,1
test_1224,0
test_1225,1
test_1226,1
test_1227,0
test_1228,1
test_1229,0
test_1230,0
test_1231,0
test_1232,0
test_1233,0
test_1234,0
test_1235,0
test_1236,1
test_1237,0
test_1238,0
test_1239,1
test_1240,0
test_1241,0
test_1242,0
test_1243,1
test_1244,0
test_1245,0
test_1246,1
test_1247,0
test_1248,1
test_1249,0
test_1250,0
test_1251,0
test_1252,0
test_1253,1
test_1254,0
test_1255,0
test_1256,0
test_1257,0
test_1258,1
test_1259,1
test_1260,0
test_1261,0
test_1262,1
test_1263,0
test_1264,0
test_1265,0
test_1266,1
test_1267,0
test_1268,0
test_1269,1
test_1270,1
test_1271,0
test_1272,0
test_1273,0
test_1274,0
test_1275,1
test_1276,0
test_1277,0
test_1278,0
test_1279,0
test_1280,0
test_1281,0
test_1282,1
test_1283,0
test_1284,0
test_1285,0
test_1286,0
test_1287,1
test_1288,0
test_1289,1
test_1290,0
test_1291,1
test_1292,0
test_1293,1
test_1294,0
test_1295,1
test_1296,1
test_1297,1
test_1298,0
test_1299,0
test_1300,0
test_1301,0
test_1302,0
test_1303,0
test_1304,0
test_1305,0
test_1306,1
test_1307,0
test_1308,0
test_1309,0
test_1310,0
test_1311,0
test_1312,1
test_1313,1
test_1314,0
test_1315,0
test_1316,0
test_1317,1
test_1318,0
test_1319,0
test_1320,1
test_1321,0
test_1322,0
test_1323,1
test_1324,0
test_1325,0
test_1326,0
test_1327,0
test_1328,0
test_1329,1
test_1330,1
test_1331,0
test_1332,0
test_1333,0
test_1334,0
test_1335,0
test_1336,0
test_1337,0
test_1338,0
test_1339,0
test_1340,0
test_1341,0
test_1342,0
test_1343,0
test_1344,0
test_1345,1
test_1346,0
test_1347,0
test_1348,0
test_1349,1
test_1350,0
test_1351,0
test_1352,1
test_1353,1
test_1354,0
test_1355,0
test_1356,0
test_1357,0
test_1358,0
test_1359,0
test_1360,0
test_1361,1
test_1362,0
test_1363,0
test_1364,1
test_1365,0
test_1366,1
test_1367,0
test_1368,1
test_1369,0
test_1370,0
test_1371,1
test_1372,0
test_1373,1
test_1374,0
test_1375,0
test_1376,0
test_1377,0
test_1378,0
test_1379,1
test_1380,0
test_1381,0
test_1382,0
test_1383,0
test_1384,1
test_1385,1
test_1386,0
test_1387,0
test_1388,0
test_1389,0
test_1390,0
test_1391,0
test_1392,1
test_1393,1
test_1394,0
test_1395,0
test_1396,0
test_1397,0
test_1398,0
test_1399,0
test_1400,0
test_1401,0
test_1402,1
test_1403,0
test_1404,0
test_1405,0
test_1406,0
test_1407,0
test_1408,0
test_1409,1
test_1410,0
test_1411,0
test_1412,0
test_1413,0
test_1414,0
test_1415,0
test_1416,1
test_1417,0
test_1418,1
test_1419,0
test_1420,0
test_1421,0
test_1422,1
test_1423,0
test_1424,0
test_1425,0
test_1426,0
test_1427,0
test_1428,0
test_1429,0
test_1430,0
test_1431,0
test_1432,1
test_1433,0
test_1434,0
test_1435,0
test_1436,0
test_1437,0
test_1438,0
test_1439,0
test_1440,0
test_1441,0
test_1442,0
test_1443,0
test_1444,0
test_1445,0
test_1446,0
test_1447,0
test_1448,0
test_1449,0
test_1450,0
test_1451,1
test_1452,0
test_1453,1
test_1454,0
test_1455,1
test_1456,0
test_1457,1
test_1458,0
test_1459,0
test_1460,1
test_1461,1
test_1462,0
test_1463,0
test_1464,0
test_1465,0
test_1466,0
test_1467,1
test_1468,0
test_1469,0
test_1470,0
test_1471,0
test_1472,1
test_1473,0
test_1474,0
test_1475,0
test_1476,1
test_1477,0
test_1478,1
test_1479,0
test_1480,1
test_1481,1
test_1482,0
test_1483,1
test_1484,1
test_1485,0
test_1486,0
test_1487,0
test_1488,0
test_1489,1
test_1490,0
test_1491,0
test_1492,0
test_1493,0
test_1494,0
test_1495,1
test_1496,0
test_1497,0
test_1498,0
test_1499,0
test_1500,1
test_1501,0
test_1502,0
test_1503,0
test_1504,0
test_1505,0
test_1506,1
test_1507,1
test_1508,0
test_1509,0
test_1510,1
test_1511,0
test_1512,0
test_1513,0
test_1514,1
test_1515,1
test_1516,1
test_1517,0
test_1518,0
test_1519,0
test_1520,0
test_1521,1
test_1522,0
test_1523,0
test_1524,0
test_1525,0
test_1526,0
test_1527,1
test_1528,1
test_1529,0
test_1530,1
test_1531,1
test_1532,0
test_1533,1
test_1534,1
test_1535,1
test_1536,1
test_1537,0
test_1538,0
test_1539,0
test_1540,0
test_1541,1
test_1542,0
test_1543,0
test_1544,0
test_1545,1
test_1546,0
test_1547,0
test_1548,0
test_1549,1
test_1550,1
test_1551,1
test_1552,1
test_1553,0
test_1554,0
test_1555,0
test_1556,0
test_1557,0
test_1558,0
test_1559,1
test_1560,0
test_1561,0
test_1562,0
test_1563,1
test_1564,1
test_1565,0
test_1566,0
test_1567,0
test_1568,1
test_1569,0
test_1570,0
test_1571,0
test_1572,0
test_1573,0
test_1574,1
test_1575,0
test_1576,0
test_1577,0
test_1578,1
test_1579,0
test_1580,0
test_1581,0
test_1582,0
test_1583,0
test_1584,1
test_1585,0
test_1586,0
test_1587,1
test_1588,0
test_1589,1
test_1590,0
test_1591,0
test_1592,0
test_1593,1
test_1594,0
test_1595,0
test_1596,0
test_1597,1
test_1598,0
test_1599,0
test_1600,0
test_1601,1
test_1602,0
test_1603,0
test_1604,0
test_1605,0
test_1606,1
test_1607,1
test_1608,0
test_1609,0
test_1610,1
test_1611,0
test_1612,0
test_1613,0
test_1614,0
test_1615,0
test_1616,1
test_1617,0
test_1618,0
test_1619,0
test_1620,0
test_1621,1
test_1622,1
test_1623,0
test_1624,0
test_1625,1
test_1626,0
test_1627,0
test_1628,0
test_1629,0
test_1630,0
test_1631,0
test_1632,0
test_1633,0
test_1634,0
test_1635,0
test_1636,1
test_1637,0
test_1638,1
test_1639,0
test_1640,0
test_1641,0
test_1642,0
test_1643,0
test_1644,0
test_1645,0
test_1646,0
test_1647,0
test_1648,0
test_1649,0
test_1650,0
test_1651,0
test_1652,0
test_1653,1
test_1654,0
test_1655,0
test_1656,0
test_1657,0
test_1658,0
test_1659,0
test_1660,0
test_1661,0
test_1662,0
test_1663,0
test_1664,1
test_1665,1
test_1666,1
test_1667,1
test_1668,1
test_1669,1
test_1670,0
test_1671,1
test_1672,0
test_1673,1
test_1674,0
test_1675,0
test_1676,0
test_1677,0
test_1678,0
test_1679,0
test_1680,1
test_1681,0
test_1682,0
test_1683,1
test_1684,0
test_1685,0
test_1686,1
test_1687,0
test_1688,0
test_1689,1
test_1690,0
test_1691,0
test_1692,1
test_1693,1
test_1694,0
test_1695,0
test_1696,0
test_1697,0
test_1698,0
test_1699,0
